ISO,Units,Month,Year,Demand,Generation
CAISO,billion kilowatthours,April,2011,20.8,15.05
CAISO,billion kilowatthours,April,2012,21.1,13.34
CAISO,billion kilowatthours,April,2013,21.5,13.53
CAISO,billion kilowatthours,April,2014,20.91,13.97
CAISO,billion kilowatthours,April,2015,20.97,13.76
CAISO,billion kilowatthours,April,2016,20.73,13.03
CAISO,billion kilowatthours,April,2017,20.18,14
CAISO,billion kilowatthours,April,2018,19.72,13.83
CAISO,billion kilowatthours,August,2011,27.17,19.6
CAISO,billion kilowatthours,August,2012,29.25,20.65
CAISO,billion kilowatthours,August,2013,27.01,19.33
CAISO,billion kilowatthours,August,2014,27.05,18.99
CAISO,billion kilowatthours,August,2015,28.01,20.24
CAISO,billion kilowatthours,August,2016,27.73,20.37
CAISO,billion kilowatthours,August,2017,28.49,21.97
CAISO,billion kilowatthours,August,2018,28.51,20.62
CAISO,billion kilowatthours,December,2011,22.55,16.73
CAISO,billion kilowatthours,December,2012,22.3,14.76
CAISO,billion kilowatthours,December,2013,22.34,16.65
CAISO,billion kilowatthours,December,2014,21.59,14.57
CAISO,billion kilowatthours,December,2015,22.26,14.85
CAISO,billion kilowatthours,December,2016,21.78,14.83
CAISO,billion kilowatthours,December,2017,21.93,13.9
CAISO,billion kilowatthours,December,2018,20.86,14.15
CAISO,billion kilowatthours,February,2011,19.91,14.24
CAISO,billion kilowatthours,February,2012,19.95,13.51
CAISO,billion kilowatthours,February,2013,19.57,13.34
CAISO,billion kilowatthours,February,2014,19.02,13.77
CAISO,billion kilowatthours,February,2015,19,11.88
CAISO,billion kilowatthours,February,2016,19.54,12.83
CAISO,billion kilowatthours,February,2017,19.4,13.34
CAISO,billion kilowatthours,February,2018,18.94,12.05
CAISO,billion kilowatthours,January,2011,22.23,14.98
CAISO,billion kilowatthours,January,2012,21.88,14.7
CAISO,billion kilowatthours,January,2013,22.5,15.05
CAISO,billion kilowatthours,January,2014,21.5,15.28
CAISO,billion kilowatthours,January,2015,21.42,13.69
CAISO,billion kilowatthours,January,2016,21.32,14.18
CAISO,billion kilowatthours,January,2017,22.32,16.34
CAISO,billion kilowatthours,January,2018,21.06,12.91
CAISO,billion kilowatthours,July,2011,26.74,18.93
CAISO,billion kilowatthours,July,2012,26.52,17.74
CAISO,billion kilowatthours,July,2013,27.8,19.57
CAISO,billion kilowatthours,July,2014,28.05,19.37
CAISO,billion kilowatthours,July,2015,26.77,19.82
CAISO,billion kilowatthours,July,2016,28,20.23
CAISO,billion kilowatthours,July,2017,28.65,20.92
CAISO,billion kilowatthours,July,2018,29.33,21.78
CAISO,billion kilowatthours,June,2011,23.25,15.73
CAISO,billion kilowatthours,June,2012,24.02,15.65
CAISO,billion kilowatthours,June,2013,24.88,16.87
CAISO,billion kilowatthours,June,2014,24.34,16.24
CAISO,billion kilowatthours,June,2015,24.9,18.11
CAISO,billion kilowatthours,June,2016,25.51,18.17
CAISO,billion kilowatthours,June,2017,25.03,18.12
CAISO,billion kilowatthours,June,2018,23.22,16.66
CAISO,billion kilowatthours,March,2011,21.76,15.11
CAISO,billion kilowatthours,March,2012,21.44,13.95
CAISO,billion kilowatthours,March,2013,21.3,13.77
CAISO,billion kilowatthours,March,2014,20.98,13.36
CAISO,billion kilowatthours,March,2015,21.76,13.91
CAISO,billion kilowatthours,March,2016,21.19,13.42
CAISO,billion kilowatthours,March,2017,20.84,14.46
CAISO,billion kilowatthours,March,2018,20.41,13.35
CAISO,billion kilowatthours,May,2011,21.94,14.76
CAISO,billion kilowatthours,May,2012,23.39,14.93
CAISO,billion kilowatthours,May,2013,23.54,15.35
CAISO,billion kilowatthours,May,2014,23.58,15.78
CAISO,billion kilowatthours,May,2015,21.67,15.04
CAISO,billion kilowatthours,May,2016,22.15,14.53
CAISO,billion kilowatthours,May,2017,22.44,16.41
CAISO,billion kilowatthours,May,2018,21.35,15.03
CAISO,billion kilowatthours,November,2011,21.08,14.74
CAISO,billion kilowatthours,November,2012,21.26,14.44
CAISO,billion kilowatthours,November,2013,20.79,14.9
CAISO,billion kilowatthours,November,2014,20.39,14.16
CAISO,billion kilowatthours,November,2015,20.59,13.16
CAISO,billion kilowatthours,November,2016,20.68,13.23
CAISO,billion kilowatthours,November,2017,20.68,13.55
CAISO,billion kilowatthours,November,2018,20.31,14.44
CAISO,billion kilowatthours,October,2011,22.72,15.51
CAISO,billion kilowatthours,October,2012,23.69,17.11
CAISO,billion kilowatthours,October,2013,22.21,15.99
CAISO,billion kilowatthours,October,2014,23.41,16.98
CAISO,billion kilowatthours,October,2015,24.18,16.77
CAISO,billion kilowatthours,October,2016,22.33,16.12
CAISO,billion kilowatthours,October,2017,22.92,16.44
CAISO,billion kilowatthours,October,2018,21.92,16.15
CAISO,billion kilowatthours,September,2011,25.09,18.01
CAISO,billion kilowatthours,September,2012,26.09,18.56
CAISO,billion kilowatthours,September,2013,25.02,18.23
CAISO,billion kilowatthours,September,2014,25.89,18.53
CAISO,billion kilowatthours,September,2015,26.37,18.51
CAISO,billion kilowatthours,September,2016,24.41,17.2
CAISO,billion kilowatthours,September,2017,25.14,18.18
CAISO,billion kilowatthours,September,2018,23.97,16.92
FRCC,billion kilowatthours,April,2011,18.08,17.16
FRCC,billion kilowatthours,April,2012,16.64,15.92
FRCC,billion kilowatthours,April,2013,17.1,16.22
FRCC,billion kilowatthours,April,2014,17.02,17.01
FRCC,billion kilowatthours,April,2015,18.79,18.2
FRCC,billion kilowatthours,April,2016,17.31,17.45
FRCC,billion kilowatthours,April,2017,18.07,17.64
FRCC,billion kilowatthours,April,2018,17.44,17.45
FRCC,billion kilowatthours,August,2011,22.75,21.35
FRCC,billion kilowatthours,August,2012,21.85,20.49
FRCC,billion kilowatthours,August,2013,22.38,21.4
FRCC,billion kilowatthours,August,2014,23.02,22
FRCC,billion kilowatthours,August,2015,22.71,21.63
FRCC,billion kilowatthours,August,2016,23.31,22.54
FRCC,billion kilowatthours,August,2017,23.78,23.12
FRCC,billion kilowatthours,August,2018,23.37,22.91
FRCC,billion kilowatthours,December,2011,15.53,14.8
FRCC,billion kilowatthours,December,2012,16.01,16.07
FRCC,billion kilowatthours,December,2013,16.39,15.92
FRCC,billion kilowatthours,December,2014,16.25,16.23
FRCC,billion kilowatthours,December,2015,17.68,17.53
FRCC,billion kilowatthours,December,2016,16.98,16.83
FRCC,billion kilowatthours,December,2017,16.72,16.46
FRCC,billion kilowatthours,December,2018,16.78,16.8
FRCC,billion kilowatthours,February,2011,14.47,13.79
FRCC,billion kilowatthours,February,2012,14.93,14.57
FRCC,billion kilowatthours,February,2013,14.68,14.29
FRCC,billion kilowatthours,February,2014,14.96,14.8
FRCC,billion kilowatthours,February,2015,15.24,15.64
FRCC,billion kilowatthours,February,2016,15.41,15.64
FRCC,billion kilowatthours,February,2017,14.69,14.88
FRCC,billion kilowatthours,February,2018,15.77,15.77
FRCC,billion kilowatthours,January,2011,16.62,15.93
FRCC,billion kilowatthours,January,2012,16.07,15.52
FRCC,billion kilowatthours,January,2013,15.73,15.24
FRCC,billion kilowatthours,January,2014,17.57,17.61
FRCC,billion kilowatthours,January,2015,16.55,16.79
FRCC,billion kilowatthours,January,2016,16.72,16.81
FRCC,billion kilowatthours,January,2017,16.5,16.74
FRCC,billion kilowatthours,January,2018,18.4,18.48
FRCC,billion kilowatthours,July,2011,22.17,20.7
FRCC,billion kilowatthours,July,2012,22.1,20.73
FRCC,billion kilowatthours,July,2013,20.92,20.07
FRCC,billion kilowatthours,July,2014,21.9,21.05
FRCC,billion kilowatthours,July,2015,22.54,21.77
FRCC,billion kilowatthours,July,2016,24.26,23.38
FRCC,billion kilowatthours,July,2017,23.22,22.76
FRCC,billion kilowatthours,July,2018,22.96,22.44
FRCC,billion kilowatthours,June,2011,21.05,20.02
FRCC,billion kilowatthours,June,2012,19.83,18.78
FRCC,billion kilowatthours,June,2013,20.61,19.76
FRCC,billion kilowatthours,June,2014,20.32,19.57
FRCC,billion kilowatthours,June,2015,21.74,20.73
FRCC,billion kilowatthours,June,2016,22.08,21.3
FRCC,billion kilowatthours,June,2017,20.85,20.5
FRCC,billion kilowatthours,June,2018,21.77,21.31
FRCC,billion kilowatthours,March,2011,15.82,14.64
FRCC,billion kilowatthours,March,2012,16.69,16.24
FRCC,billion kilowatthours,March,2013,15.92,15.19
FRCC,billion kilowatthours,March,2014,15.89,15.9
FRCC,billion kilowatthours,March,2015,17.45,17.2
FRCC,billion kilowatthours,March,2016,17.02,16.52
FRCC,billion kilowatthours,March,2017,16.65,16.53
FRCC,billion kilowatthours,March,2018,16.34,16.16
FRCC,billion kilowatthours,May,2011,19.78,18.14
FRCC,billion kilowatthours,May,2012,19.59,18.54
FRCC,billion kilowatthours,May,2013,18.45,18.04
FRCC,billion kilowatthours,May,2014,19.57,19.14
FRCC,billion kilowatthours,May,2015,20.55,19.75
FRCC,billion kilowatthours,May,2016,19.98,19.38
FRCC,billion kilowatthours,May,2017,21.07,20.54
FRCC,billion kilowatthours,May,2018,19.3,19.25
FRCC,billion kilowatthours,November,2011,15.27,14.74
FRCC,billion kilowatthours,November,2012,14.61,14.07
FRCC,billion kilowatthours,November,2013,16.06,15.62
FRCC,billion kilowatthours,November,2014,15.46,15.41
FRCC,billion kilowatthours,November,2015,17.98,17.21
FRCC,billion kilowatthours,November,2016,15.75,15.69
FRCC,billion kilowatthours,November,2017,16.24,16.19
FRCC,billion kilowatthours,November,2018,17.34,17.19
FRCC,billion kilowatthours,October,2011,17.08,15.89
FRCC,billion kilowatthours,October,2012,18.39,17.45
FRCC,billion kilowatthours,October,2013,18.93,18.02
FRCC,billion kilowatthours,October,2014,18.5,18.06
FRCC,billion kilowatthours,October,2015,19.1,18.29
FRCC,billion kilowatthours,October,2016,18.92,18.51
FRCC,billion kilowatthours,October,2017,19.88,19.6
FRCC,billion kilowatthours,October,2018,20.93,20.49
FRCC,billion kilowatthours,September,2011,20.54,19.38
FRCC,billion kilowatthours,September,2012,20,18.8
FRCC,billion kilowatthours,September,2013,20.16,19.33
FRCC,billion kilowatthours,September,2014,20.07,19.4
FRCC,billion kilowatthours,September,2015,20.89,19.92
FRCC,billion kilowatthours,September,2016,21.39,20.97
FRCC,billion kilowatthours,September,2017,20.31,19.8
FRCC,billion kilowatthours,September,2018,22.63,21.95
PJM,billion kilowatthours,April,2011,57.35,59.1
PJM,billion kilowatthours,April,2012,55.7,56.37
PJM,billion kilowatthours,April,2013,56.92,57.77
PJM,billion kilowatthours,April,2014,56.92,58.96
PJM,billion kilowatthours,April,2015,55.91,54.62
PJM,billion kilowatthours,April,2016,56.1,55.24
PJM,billion kilowatthours,April,2017,55.4,57.05
PJM,billion kilowatthours,April,2018,58.04,57.09
PJM,billion kilowatthours,August,2011,74.28,77.53
PJM,billion kilowatthours,August,2012,74.5,76.12
PJM,billion kilowatthours,August,2013,71.32,72.27
PJM,billion kilowatthours,August,2014,70.47,70.52
PJM,billion kilowatthours,August,2015,72.76,72.57
PJM,billion kilowatthours,August,2016,80.66,81.68
PJM,billion kilowatthours,August,2017,70.54,71.5
PJM,billion kilowatthours,August,2018,77.56,78.94
PJM,billion kilowatthours,December,2011,66.42,68.86
PJM,billion kilowatthours,December,2012,65.95,68.45
PJM,billion kilowatthours,December,2013,70.89,72.32
PJM,billion kilowatthours,December,2014,69.13,69.6
PJM,billion kilowatthours,December,2015,62.39,60.37
PJM,billion kilowatthours,December,2016,69.98,70.74
PJM,billion kilowatthours,December,2017,71.37,72.26
PJM,billion kilowatthours,December,2018,68.35,70.41
PJM,billion kilowatthours,February,2011,63.17,65.32
PJM,billion kilowatthours,February,2012,62.94,64.3
PJM,billion kilowatthours,February,2013,64.67,65.92
PJM,billion kilowatthours,February,2014,68.43,69.55
PJM,billion kilowatthours,February,2015,73.11,71.87
PJM,billion kilowatthours,February,2016,65.6,64.67
PJM,billion kilowatthours,February,2017,58.77,59.29
PJM,billion kilowatthours,February,2018,61.28,62.26
PJM,billion kilowatthours,January,2011,74.73,76.94
PJM,billion kilowatthours,January,2012,69.9,72.06
PJM,billion kilowatthours,January,2013,70.8,72.55
PJM,billion kilowatthours,January,2014,80,79.78
PJM,billion kilowatthours,January,2015,76.13,76.03
PJM,billion kilowatthours,January,2016,73.02,71.82
PJM,billion kilowatthours,January,2017,69.66,69.24
PJM,billion kilowatthours,January,2018,77.2,76.47
PJM,billion kilowatthours,July,2011,82.19,84.49
PJM,billion kilowatthours,July,2012,81.44,82.51
PJM,billion kilowatthours,July,2013,77.8,77.61
PJM,billion kilowatthours,July,2014,71.79,72.69
PJM,billion kilowatthours,July,2015,74.59,74.12
PJM,billion kilowatthours,July,2016,78.59,79.52
PJM,billion kilowatthours,July,2017,75.64,76.46
PJM,billion kilowatthours,July,2018,76.32,77.17
PJM,billion kilowatthours,June,2011,69,71.05
PJM,billion kilowatthours,June,2012,67.72,68.21
PJM,billion kilowatthours,June,2013,67.06,67.42
PJM,billion kilowatthours,June,2014,67.88,68.89
PJM,billion kilowatthours,June,2015,67.64,67.37
PJM,billion kilowatthours,June,2016,67.48,68.62
PJM,billion kilowatthours,June,2017,67.37,68.23
PJM,billion kilowatthours,June,2018,67.68,69.05
PJM,billion kilowatthours,March,2011,64.65,66.48
PJM,billion kilowatthours,March,2012,60.13,60.68
PJM,billion kilowatthours,March,2013,66.62,67.69
PJM,billion kilowatthours,March,2014,69.45,71.85
PJM,billion kilowatthours,March,2015,67.64,66.5
PJM,billion kilowatthours,March,2016,59.86,58.46
PJM,billion kilowatthours,March,2017,64.77,65.48
PJM,billion kilowatthours,March,2018,66.28,65.22
PJM,billion kilowatthours,May,2011,61.45,62.29
PJM,billion kilowatthours,May,2012,63.08,63.81
PJM,billion kilowatthours,May,2013,60.3,61.22
PJM,billion kilowatthours,May,2014,59.99,59.78
PJM,billion kilowatthours,May,2015,62.32,61.17
PJM,billion kilowatthours,May,2016,59.04,58.88
PJM,billion kilowatthours,May,2017,58.77,59.95
PJM,billion kilowatthours,May,2018,63.2,63.13
PJM,billion kilowatthours,November,2011,59.12,60.9
PJM,billion kilowatthours,November,2012,61.27,62.43
PJM,billion kilowatthours,November,2013,62.95,63.32
PJM,billion kilowatthours,November,2014,63.54,63.55
PJM,billion kilowatthours,November,2015,57.73,57.57
PJM,billion kilowatthours,November,2016,58.52,59.06
PJM,billion kilowatthours,November,2017,60.62,60.8
PJM,billion kilowatthours,November,2018,63.05,63.62
PJM,billion kilowatthours,October,2011,58.85,60.35
PJM,billion kilowatthours,October,2012,58.25,59.82
PJM,billion kilowatthours,October,2013,60.39,61.24
PJM,billion kilowatthours,October,2014,58.44,59.32
PJM,billion kilowatthours,October,2015,55.42,57.84
PJM,billion kilowatthours,October,2016,57.58,59.11
PJM,billion kilowatthours,October,2017,59.19,59.29
PJM,billion kilowatthours,October,2018,61.5,62.39
PJM,billion kilowatthours,September,2011,62.57,65.71
PJM,billion kilowatthours,September,2012,61.02,62.85
PJM,billion kilowatthours,September,2013,62.09,63.83
PJM,billion kilowatthours,September,2014,62.16,63.51
PJM,billion kilowatthours,September,2015,65.56,66.61
PJM,billion kilowatthours,September,2016,66.28,67.62
PJM,billion kilowatthours,September,2017,61.95,62.52
PJM,billion kilowatthours,September,2018,66.63,67.91
MISO,billion kilowatthours,April,2011,48.7,47.94
MISO,billion kilowatthours,April,2012,48.21,45.85
MISO,billion kilowatthours,April,2013,49.16,47.3
MISO,billion kilowatthours,April,2014,49.43,46.48
MISO,billion kilowatthours,April,2015,48.49,46.35
MISO,billion kilowatthours,April,2016,48.19,45.45
MISO,billion kilowatthours,April,2017,48.36,43.57
MISO,billion kilowatthours,April,2018,49.69,47.3
MISO,billion kilowatthours,August,2011,65.71,64.53
MISO,billion kilowatthours,August,2012,62.48,60.11
MISO,billion kilowatthours,August,2013,62.84,59.35
MISO,billion kilowatthours,August,2014,63.08,60.49
MISO,billion kilowatthours,August,2015,62.56,59.38
MISO,billion kilowatthours,August,2016,65.55,61.54
MISO,billion kilowatthours,August,2017,60.21,55.8
MISO,billion kilowatthours,August,2018,64.91,60.79
MISO,billion kilowatthours,December,2011,55.54,53.25
MISO,billion kilowatthours,December,2012,55.17,53.37
MISO,billion kilowatthours,December,2013,60.25,56.98
MISO,billion kilowatthours,December,2014,57,53.85
MISO,billion kilowatthours,December,2015,54.02,51.28
MISO,billion kilowatthours,December,2016,57.23,53.91
MISO,billion kilowatthours,December,2017,57.87,55.53
MISO,billion kilowatthours,December,2018,56.16,51.94
MISO,billion kilowatthours,February,2011,51.58,50.83
MISO,billion kilowatthours,February,2012,51.36,50.14
MISO,billion kilowatthours,February,2013,51.27,50.72
MISO,billion kilowatthours,February,2014,55.42,52.67
MISO,billion kilowatthours,February,2015,55.73,54.56
MISO,billion kilowatthours,February,2016,52.18,49.35
MISO,billion kilowatthours,February,2017,47.96,45.07
MISO,billion kilowatthours,February,2018,51.21,48.93
MISO,billion kilowatthours,January,2011,58.69,59.27
MISO,billion kilowatthours,January,2012,56.08,54.89
MISO,billion kilowatthours,January,2013,57.74,56.7
MISO,billion kilowatthours,January,2014,63.21,61.65
MISO,billion kilowatthours,January,2015,60.28,57.8
MISO,billion kilowatthours,January,2016,58.44,56.49
MISO,billion kilowatthours,January,2017,56.69,54.32
MISO,billion kilowatthours,January,2018,61.62,59.75
MISO,billion kilowatthours,July,2011,67.78,67.59
MISO,billion kilowatthours,July,2012,69.19,66.88
MISO,billion kilowatthours,July,2013,62.48,59.48
MISO,billion kilowatthours,July,2014,60.59,57.33
MISO,billion kilowatthours,July,2015,64.86,61.66
MISO,billion kilowatthours,July,2016,65.42,61.58
MISO,billion kilowatthours,July,2017,64.66,60.51
MISO,billion kilowatthours,July,2018,65.57,61.65
MISO,billion kilowatthours,June,2011,59.46,57.27
MISO,billion kilowatthours,June,2012,59.61,57.96
MISO,billion kilowatthours,June,2013,56.82,53.76
MISO,billion kilowatthours,June,2014,58.52,54.67
MISO,billion kilowatthours,June,2015,57.83,54.84
MISO,billion kilowatthours,June,2016,59.86,56.06
MISO,billion kilowatthours,June,2017,57.9,53.73
MISO,billion kilowatthours,June,2018,60.84,56.54
MISO,billion kilowatthours,March,2011,52.56,51.89
MISO,billion kilowatthours,March,2012,51.05,49.47
MISO,billion kilowatthours,March,2013,53.91,53.3
MISO,billion kilowatthours,March,2014,55.79,52.44
MISO,billion kilowatthours,March,2015,53.78,51.94
MISO,billion kilowatthours,March,2016,50.88,47.65
MISO,billion kilowatthours,March,2017,52.65,48.01
MISO,billion kilowatthours,March,2018,52.91,50.83
MISO,billion kilowatthours,May,2011,52.47,51.5
MISO,billion kilowatthours,May,2012,54.97,52.87
MISO,billion kilowatthours,May,2013,52.23,49.4
MISO,billion kilowatthours,May,2014,52.91,49.79
MISO,billion kilowatthours,May,2015,52.66,49.65
MISO,billion kilowatthours,May,2016,51.74,47.17
MISO,billion kilowatthours,May,2017,51.94,47.19
MISO,billion kilowatthours,May,2018,56.85,51.4
MISO,billion kilowatthours,November,2011,50.27,48.69
MISO,billion kilowatthours,November,2012,50.7,49.71
MISO,billion kilowatthours,November,2013,52.45,50.18
MISO,billion kilowatthours,November,2014,54.35,51.41
MISO,billion kilowatthours,November,2015,49.61,46.57
MISO,billion kilowatthours,November,2016,48.95,44.91
MISO,billion kilowatthours,November,2017,51.54,49.55
MISO,billion kilowatthours,November,2018,53.56,50.33
MISO,billion kilowatthours,October,2011,51.09,50.21
MISO,billion kilowatthours,October,2012,51.43,48.41
MISO,billion kilowatthours,October,2013,52.39,49.21
MISO,billion kilowatthours,October,2014,52.3,49.36
MISO,billion kilowatthours,October,2015,51.01,47.91
MISO,billion kilowatthours,October,2016,51.5,46.4
MISO,billion kilowatthours,October,2017,52.41,49.42
MISO,billion kilowatthours,October,2018,53.19,49.53
MISO,billion kilowatthours,September,2011,52.8,51.15
MISO,billion kilowatthours,September,2012,53.26,50.81
MISO,billion kilowatthours,September,2013,55.42,53.03
MISO,billion kilowatthours,September,2014,54.86,51.27
MISO,billion kilowatthours,September,2015,56.91,52.94
MISO,billion kilowatthours,September,2016,56.74,52.31
MISO,billion kilowatthours,September,2017,54.93,49.87
MISO,billion kilowatthours,September,2018,57.15,53.37
ISO-NE,billion kilowatthours,April,2011,9.58,8.46
ISO-NE,billion kilowatthours,April,2012,9.3,8.14
ISO-NE,billion kilowatthours,April,2013,9.43,7.98
ISO-NE,billion kilowatthours,April,2014,9.45,7.82
ISO-NE,billion kilowatthours,April,2015,9.24,7.8
ISO-NE,billion kilowatthours,April,2016,9.02,8.13
ISO-NE,billion kilowatthours,April,2017,8.85,7.25
ISO-NE,billion kilowatthours,April,2018,9,7.33
ISO-NE,billion kilowatthours,August,2011,11.98,11.24
ISO-NE,billion kilowatthours,August,2012,12.74,11.57
ISO-NE,billion kilowatthours,August,2013,11.57,9.97
ISO-NE,billion kilowatthours,August,2014,11.23,9.85
ISO-NE,billion kilowatthours,August,2015,12.23,10.69
ISO-NE,billion kilowatthours,August,2016,12.64,10.55
ISO-NE,billion kilowatthours,August,2017,11.11,9.64
ISO-NE,billion kilowatthours,August,2018,12.6,10.75
ISO-NE,billion kilowatthours,December,2011,10.92,9.68
ISO-NE,billion kilowatthours,December,2012,11.01,9.21
ISO-NE,billion kilowatthours,December,2013,11.5,9.04
ISO-NE,billion kilowatthours,December,2014,10.94,8.42
ISO-NE,billion kilowatthours,December,2015,10.16,8.52
ISO-NE,billion kilowatthours,December,2016,10.88,8.57
ISO-NE,billion kilowatthours,December,2017,11.12,8.92
ISO-NE,billion kilowatthours,December,2018,10.54,8.53
ISO-NE,billion kilowatthours,February,2011,10.38,9.31
ISO-NE,billion kilowatthours,February,2012,10.1,9.11
ISO-NE,billion kilowatthours,February,2013,10.22,8.03
ISO-NE,billion kilowatthours,February,2014,10.47,8.18
ISO-NE,billion kilowatthours,February,2015,11.03,9.01
ISO-NE,billion kilowatthours,February,2016,10.13,8.19
ISO-NE,billion kilowatthours,February,2017,9.44,7.6
ISO-NE,billion kilowatthours,February,2018,9.38,7.6
ISO-NE,billion kilowatthours,January,2011,11.73,10.76
ISO-NE,billion kilowatthours,January,2012,11.27,9.97
ISO-NE,billion kilowatthours,January,2013,11.51,9.62
ISO-NE,billion kilowatthours,January,2014,12.02,9.84
ISO-NE,billion kilowatthours,January,2015,11.73,9.22
ISO-NE,billion kilowatthours,January,2016,11.02,8.62
ISO-NE,billion kilowatthours,January,2017,10.72,8.52
ISO-NE,billion kilowatthours,January,2018,11.54,9.33
ISO-NE,billion kilowatthours,July,2011,12.93,12.01
ISO-NE,billion kilowatthours,July,2012,12.84,11.83
ISO-NE,billion kilowatthours,July,2013,13.65,11.96
ISO-NE,billion kilowatthours,July,2014,12.24,10.75
ISO-NE,billion kilowatthours,July,2015,12.1,10.78
ISO-NE,billion kilowatthours,July,2016,12.39,10.6
ISO-NE,billion kilowatthours,July,2017,11.41,9.84
ISO-NE,billion kilowatthours,July,2018,12.32,10.32
ISO-NE,billion kilowatthours,June,2011,10.73,9.79
ISO-NE,billion kilowatthours,June,2012,10.7,9.72
ISO-NE,billion kilowatthours,June,2013,10.94,9.39
ISO-NE,billion kilowatthours,June,2014,10.4,9.15
ISO-NE,billion kilowatthours,June,2015,10.16,9.07
ISO-NE,billion kilowatthours,June,2016,10.18,8.69
ISO-NE,billion kilowatthours,June,2017,10.29,8.84
ISO-NE,billion kilowatthours,June,2018,9.77,8.2
ISO-NE,billion kilowatthours,March,2011,10.69,9.69
ISO-NE,billion kilowatthours,March,2012,10.1,9.17
ISO-NE,billion kilowatthours,March,2013,10.59,8.55
ISO-NE,billion kilowatthours,March,2014,11.04,8.81
ISO-NE,billion kilowatthours,March,2015,10.87,8.45
ISO-NE,billion kilowatthours,March,2016,9.82,8.07
ISO-NE,billion kilowatthours,March,2017,10.44,8.55
ISO-NE,billion kilowatthours,March,2018,9.97,8.14
ISO-NE,billion kilowatthours,May,2011,10,8.85
ISO-NE,billion kilowatthours,May,2012,10.04,9.12
ISO-NE,billion kilowatthours,May,2013,9.83,8.35
ISO-NE,billion kilowatthours,May,2014,9.46,8.17
ISO-NE,billion kilowatthours,May,2015,9.73,8.57
ISO-NE,billion kilowatthours,May,2016,9.43,8.63
ISO-NE,billion kilowatthours,May,2017,9.21,7.88
ISO-NE,billion kilowatthours,May,2018,9.15,7.46
ISO-NE,billion kilowatthours,November,2011,9.75,8.86
ISO-NE,billion kilowatthours,November,2012,10.07,8.59
ISO-NE,billion kilowatthours,November,2013,10.14,8.33
ISO-NE,billion kilowatthours,November,2014,9.97,7.82
ISO-NE,billion kilowatthours,November,2015,9.45,7.58
ISO-NE,billion kilowatthours,November,2016,9.4,7.6
ISO-NE,billion kilowatthours,November,2017,9.49,7.83
ISO-NE,billion kilowatthours,November,2018,9.71,7.58
ISO-NE,billion kilowatthours,October,2011,9.86,8.44
ISO-NE,billion kilowatthours,October,2012,9.75,8.58
ISO-NE,billion kilowatthours,October,2013,9.87,8.58
ISO-NE,billion kilowatthours,October,2014,9.71,8.09
ISO-NE,billion kilowatthours,October,2015,9.49,7.48
ISO-NE,billion kilowatthours,October,2016,9.36,7.66
ISO-NE,billion kilowatthours,October,2017,9.28,7.81
ISO-NE,billion kilowatthours,October,2018,9.43,7.51
ISO-NE,billion kilowatthours,September,2011,10.61,9.91
ISO-NE,billion kilowatthours,September,2012,10.16,9.49
ISO-NE,billion kilowatthours,September,2013,10.12,8.93
ISO-NE,billion kilowatthours,September,2014,10.24,8.75
ISO-NE,billion kilowatthours,September,2015,10.73,8.88
ISO-NE,billion kilowatthours,September,2016,10.16,8.55
ISO-NE,billion kilowatthours,September,2017,9.85,8.4
ISO-NE,billion kilowatthours,September,2018,10.06,8.55
NYISO,billion kilowatthours,April,2011,11.94,10.16
NYISO,billion kilowatthours,April,2012,11.89,10
NYISO,billion kilowatthours,April,2013,11.94,10.22
NYISO,billion kilowatthours,April,2014,11.69,9.97
NYISO,billion kilowatthours,April,2015,11.61,10.23
NYISO,billion kilowatthours,April,2016,11.55,9.79
NYISO,billion kilowatthours,April,2017,11.3,9.29
NYISO,billion kilowatthours,April,2018,11.71,9.66
NYISO,billion kilowatthours,August,2011,15.65,13.17
NYISO,billion kilowatthours,August,2012,16.39,13.78
NYISO,billion kilowatthours,August,2013,15.09,12.36
NYISO,billion kilowatthours,August,2014,14.57,12.38
NYISO,billion kilowatthours,August,2015,15.85,13.76
NYISO,billion kilowatthours,August,2016,16.98,14.7
NYISO,billion kilowatthours,August,2017,14.78,12.47
NYISO,billion kilowatthours,August,2018,16.65,13.89
NYISO,billion kilowatthours,December,2011,13.32,11.51
NYISO,billion kilowatthours,December,2012,13.44,11.34
NYISO,billion kilowatthours,December,2013,13.95,12.1
NYISO,billion kilowatthours,December,2014,13.43,11.8
NYISO,billion kilowatthours,December,2015,12.65,10.98
NYISO,billion kilowatthours,December,2016,13.42,11.27
NYISO,billion kilowatthours,December,2017,13.76,11.52
NYISO,billion kilowatthours,December,2018,13.18,11.38
NYISO,billion kilowatthours,February,2011,12.51,10.37
NYISO,billion kilowatthours,February,2012,12.51,10.91
NYISO,billion kilowatthours,February,2013,12.68,11.1
NYISO,billion kilowatthours,February,2014,12.89,11.63
NYISO,billion kilowatthours,February,2015,13.47,11.46
NYISO,billion kilowatthours,February,2016,12.66,10.8
NYISO,billion kilowatthours,February,2017,11.71,9.39
NYISO,billion kilowatthours,February,2018,11.94,9.48
NYISO,billion kilowatthours,January,2011,14.18,11.64
NYISO,billion kilowatthours,January,2012,13.75,11.65
NYISO,billion kilowatthours,January,2013,14.06,12.09
NYISO,billion kilowatthours,January,2014,14.72,12.83
NYISO,billion kilowatthours,January,2015,14.33,12.05
NYISO,billion kilowatthours,January,2016,13.62,11.58
NYISO,billion kilowatthours,January,2017,13.36,10.74
NYISO,billion kilowatthours,January,2018,14.31,12.26
NYISO,billion kilowatthours,July,2011,17.18,14.79
NYISO,billion kilowatthours,July,2012,17.07,14.79
NYISO,billion kilowatthours,July,2013,17.4,14.62
NYISO,billion kilowatthours,July,2014,15.38,13.37
NYISO,billion kilowatthours,July,2015,15.86,13.73
NYISO,billion kilowatthours,July,2016,16.48,14
NYISO,billion kilowatthours,July,2017,15.44,13.11
NYISO,billion kilowatthours,July,2018,16.39,13.8
NYISO,billion kilowatthours,June,2011,14.36,12.33
NYISO,billion kilowatthours,June,2012,14.14,12.12
NYISO,billion kilowatthours,June,2013,14.07,11.67
NYISO,billion kilowatthours,June,2014,13.68,12.15
NYISO,billion kilowatthours,June,2015,13.49,11.67
NYISO,billion kilowatthours,June,2016,13.69,11.63
NYISO,billion kilowatthours,June,2017,13.61,11.49
NYISO,billion kilowatthours,June,2018,13.36,11.4
NYISO,billion kilowatthours,March,2011,13.09,11.1
NYISO,billion kilowatthours,March,2012,12.63,10.43
NYISO,billion kilowatthours,March,2013,13.31,11.24
NYISO,billion kilowatthours,March,2014,13.64,11.65
NYISO,billion kilowatthours,March,2015,13.53,11.46
NYISO,billion kilowatthours,March,2016,12.32,10.55
NYISO,billion kilowatthours,March,2017,13.01,10.56
NYISO,billion kilowatthours,March,2018,12.85,10.56
NYISO,billion kilowatthours,May,2011,12.75,10.71
NYISO,billion kilowatthours,May,2012,13.02,11.05
NYISO,billion kilowatthours,May,2013,12.65,11.16
NYISO,billion kilowatthours,May,2014,12.12,10.73
NYISO,billion kilowatthours,May,2015,12.69,11.5
NYISO,billion kilowatthours,May,2016,12.32,11.02
NYISO,billion kilowatthours,May,2017,11.88,10.18
NYISO,billion kilowatthours,May,2018,12.3,10.57
NYISO,billion kilowatthours,November,2011,12.19,11.02
NYISO,billion kilowatthours,November,2012,12.28,10.33
NYISO,billion kilowatthours,November,2013,12.63,11.04
NYISO,billion kilowatthours,November,2014,12.38,11.44
NYISO,billion kilowatthours,November,2015,11.85,10.91
NYISO,billion kilowatthours,November,2016,11.94,10.12
NYISO,billion kilowatthours,November,2017,12.08,10.46
NYISO,billion kilowatthours,November,2018,12.32,11.01
NYISO,billion kilowatthours,October,2011,12.48,11.56
NYISO,billion kilowatthours,October,2012,12.33,10.77
NYISO,billion kilowatthours,October,2013,12.62,10.59
NYISO,billion kilowatthours,October,2014,12.26,11.4
NYISO,billion kilowatthours,October,2015,12.07,11.77
NYISO,billion kilowatthours,October,2016,12.09,10.75
NYISO,billion kilowatthours,October,2017,12.32,10.94
NYISO,billion kilowatthours,October,2018,12.35,11.29
NYISO,billion kilowatthours,September,2011,13.68,11.8
NYISO,billion kilowatthours,September,2012,13.4,11.1
NYISO,billion kilowatthours,September,2013,13.14,10.81
NYISO,billion kilowatthours,September,2014,13.25,11.49
NYISO,billion kilowatthours,September,2015,14.18,12.48
NYISO,billion kilowatthours,September,2016,13.74,11.96
NYISO,billion kilowatthours,September,2017,13.12,11.4
NYISO,billion kilowatthours,September,2018,13.74,11.31
Northwest and Rockies,billion kilowatthours,April,2011,23.61,29.56
Northwest and Rockies,billion kilowatthours,April,2012,22.64,30.16
Northwest and Rockies,billion kilowatthours,April,2013,23.27,31.31
Northwest and Rockies,billion kilowatthours,April,2014,22.94,30.96
Northwest and Rockies,billion kilowatthours,April,2015,24.34,29.36
Northwest and Rockies,billion kilowatthours,April,2016,23.15,30.21
Northwest and Rockies,billion kilowatthours,April,2017,23.96,29.23
Northwest and Rockies,billion kilowatthours,April,2018,24.45,30.95
Northwest and Rockies,billion kilowatthours,August,2011,26.66,33.87
Northwest and Rockies,billion kilowatthours,August,2012,26.81,35.57
Northwest and Rockies,billion kilowatthours,August,2013,26.6,33.62
Northwest and Rockies,billion kilowatthours,August,2014,26.12,33.8
Northwest and Rockies,billion kilowatthours,August,2015,28.04,33.79
Northwest and Rockies,billion kilowatthours,August,2016,27.95,34.28
Northwest and Rockies,billion kilowatthours,August,2017,28.45,34.51
Northwest and Rockies,billion kilowatthours,August,2018,28.62,36.73
Northwest and Rockies,billion kilowatthours,December,2011,28.34,32.96
Northwest and Rockies,billion kilowatthours,December,2012,27.65,34.53
Northwest and Rockies,billion kilowatthours,December,2013,29.44,34.12
Northwest and Rockies,billion kilowatthours,December,2014,27.51,33.63
Northwest and Rockies,billion kilowatthours,December,2015,29.37,34.1
Northwest and Rockies,billion kilowatthours,December,2016,30.88,35.87
Northwest and Rockies,billion kilowatthours,December,2017,29.97,33.88
Northwest and Rockies,billion kilowatthours,December,2018,29.52,33.01
Northwest and Rockies,billion kilowatthours,February,2011,25.14,30.74
Northwest and Rockies,billion kilowatthours,February,2012,25.03,29.38
Northwest and Rockies,billion kilowatthours,February,2013,24.3,29.8
Northwest and Rockies,billion kilowatthours,February,2014,25.16,29.6
Northwest and Rockies,billion kilowatthours,February,2015,24.25,31.01
Northwest and Rockies,billion kilowatthours,February,2016,25.2,30.47
Northwest and Rockies,billion kilowatthours,February,2017,26.02,29.36
Northwest and Rockies,billion kilowatthours,February,2018,26.35,32.51
Northwest and Rockies,billion kilowatthours,January,2011,27.87,33.72
Northwest and Rockies,billion kilowatthours,January,2012,27.66,32.45
Northwest and Rockies,billion kilowatthours,January,2013,29.18,35.29
Northwest and Rockies,billion kilowatthours,January,2014,27.74,33.45
Northwest and Rockies,billion kilowatthours,January,2015,28.66,34.35
Northwest and Rockies,billion kilowatthours,January,2016,29,33.46
Northwest and Rockies,billion kilowatthours,January,2017,31.5,35.86
Northwest and Rockies,billion kilowatthours,January,2018,28.85,35.14
Northwest and Rockies,billion kilowatthours,July,2011,26.39,35.11
Northwest and Rockies,billion kilowatthours,July,2012,27.14,36.29
Northwest and Rockies,billion kilowatthours,July,2013,27.48,36.17
Northwest and Rockies,billion kilowatthours,July,2014,27.85,37.45
Northwest and Rockies,billion kilowatthours,July,2015,28.63,33.38
Northwest and Rockies,billion kilowatthours,July,2016,28.26,35.28
Northwest and Rockies,billion kilowatthours,July,2017,29.52,36.98
Northwest and Rockies,billion kilowatthours,July,2018,30.18,38.5
Northwest and Rockies,billion kilowatthours,June,2011,23.54,31.56
Northwest and Rockies,billion kilowatthours,June,2012,24.72,33.32
Northwest and Rockies,billion kilowatthours,June,2013,24.78,33.12
Northwest and Rockies,billion kilowatthours,June,2014,24.27,33.99
Northwest and Rockies,billion kilowatthours,June,2015,26.98,31.44
Northwest and Rockies,billion kilowatthours,June,2016,26.42,32.64
Northwest and Rockies,billion kilowatthours,June,2017,26.3,32.82
Northwest and Rockies,billion kilowatthours,June,2018,26.38,34.58
Northwest and Rockies,billion kilowatthours,March,2011,25.6,32.14
Northwest and Rockies,billion kilowatthours,March,2012,25.28,31.73
Northwest and Rockies,billion kilowatthours,March,2013,24.91,30.65
Northwest and Rockies,billion kilowatthours,March,2014,24.98,33.21
Northwest and Rockies,billion kilowatthours,March,2015,25.39,32.38
Northwest and Rockies,billion kilowatthours,March,2016,25.48,31.79
Northwest and Rockies,billion kilowatthours,March,2017,26.46,31.08
Northwest and Rockies,billion kilowatthours,March,2018,26.96,33.51
Northwest and Rockies,billion kilowatthours,May,2011,23.2,30.07
Northwest and Rockies,billion kilowatthours,May,2012,23.82,31.95
Northwest and Rockies,billion kilowatthours,May,2013,23.91,31.55
Northwest and Rockies,billion kilowatthours,May,2014,23.86,32.25
Northwest and Rockies,billion kilowatthours,May,2015,24.37,28.65
Northwest and Rockies,billion kilowatthours,May,2016,24.03,30.33
Northwest and Rockies,billion kilowatthours,May,2017,24.65,30.48
Northwest and Rockies,billion kilowatthours,May,2018,24.84,32.16
Northwest and Rockies,billion kilowatthours,November,2011,25.25,29.64
Northwest and Rockies,billion kilowatthours,November,2012,24.46,29.89
Northwest and Rockies,billion kilowatthours,November,2013,24.87,29.99
Northwest and Rockies,billion kilowatthours,November,2014,25.21,30.93
Northwest and Rockies,billion kilowatthours,November,2015,26.51,30.58
Northwest and Rockies,billion kilowatthours,November,2016,24.65,30.14
Northwest and Rockies,billion kilowatthours,November,2017,25.73,29.34
Northwest and Rockies,billion kilowatthours,November,2018,26.42,30.72
Northwest and Rockies,billion kilowatthours,October,2011,23.31,28.46
Northwest and Rockies,billion kilowatthours,October,2012,23.67,29.07
Northwest and Rockies,billion kilowatthours,October,2013,23.86,29.14
Northwest and Rockies,billion kilowatthours,October,2014,23.01,29.31
Northwest and Rockies,billion kilowatthours,October,2015,24.28,29.06
Northwest and Rockies,billion kilowatthours,October,2016,24.12,28.76
Northwest and Rockies,billion kilowatthours,October,2017,24.66,29.03
Northwest and Rockies,billion kilowatthours,October,2018,24.88,29.1
Northwest and Rockies,billion kilowatthours,September,2011,23.32,28.63
Northwest and Rockies,billion kilowatthours,September,2012,22.9,29.57
Northwest and Rockies,billion kilowatthours,September,2013,23.25,28.92
Northwest and Rockies,billion kilowatthours,September,2014,23.4,30
Northwest and Rockies,billion kilowatthours,September,2015,24.66,29.99
Northwest and Rockies,billion kilowatthours,September,2016,23.82,29.89
Northwest and Rockies,billion kilowatthours,September,2017,24.71,30.49
Northwest and Rockies,billion kilowatthours,September,2018,24.72,32.1
SERC,billion kilowatthours,April,2011,44.94,47.65
SERC,billion kilowatthours,April,2012,44.91,47.05
SERC,billion kilowatthours,April,2013,44.72,46.92
SERC,billion kilowatthours,April,2014,43.32,45.43
SERC,billion kilowatthours,April,2015,43.15,46.91
SERC,billion kilowatthours,April,2016,43.39,46.37
SERC,billion kilowatthours,April,2017,44.51,47.79
SERC,billion kilowatthours,April,2018,43.47,47.07
SERC,billion kilowatthours,August,2011,63.07,67.44
SERC,billion kilowatthours,August,2012,59.09,63.75
SERC,billion kilowatthours,August,2013,57.59,62.09
SERC,billion kilowatthours,August,2014,58.97,63.07
SERC,billion kilowatthours,August,2015,59.04,64.83
SERC,billion kilowatthours,August,2016,63.21,69.17
SERC,billion kilowatthours,August,2017,59.09,64.08
SERC,billion kilowatthours,August,2018,60.72,65.85
SERC,billion kilowatthours,December,2011,51.13,53.14
SERC,billion kilowatthours,December,2012,50.76,52.73
SERC,billion kilowatthours,December,2013,52.78,55.07
SERC,billion kilowatthours,December,2014,51.84,54.72
SERC,billion kilowatthours,December,2015,47.18,51.32
SERC,billion kilowatthours,December,2016,52.15,55.67
SERC,billion kilowatthours,December,2017,54.2,57.62
SERC,billion kilowatthours,December,2018,52.6,54.72
SERC,billion kilowatthours,February,2011,48.44,50.89
SERC,billion kilowatthours,February,2012,48.29,49.68
SERC,billion kilowatthours,February,2013,49.21,51.15
SERC,billion kilowatthours,February,2014,49.9,52.87
SERC,billion kilowatthours,February,2015,55.51,58.88
SERC,billion kilowatthours,February,2016,50.01,53.74
SERC,billion kilowatthours,February,2017,42.87,46.24
SERC,billion kilowatthours,February,2018,44.66,47.45
SERC,billion kilowatthours,January,2011,60.53,63.16
SERC,billion kilowatthours,January,2012,53.12,54.89
SERC,billion kilowatthours,January,2013,53.98,56.39
SERC,billion kilowatthours,January,2014,63.04,66.53
SERC,billion kilowatthours,January,2015,57.56,61.13
SERC,billion kilowatthours,January,2016,57.29,61.68
SERC,billion kilowatthours,January,2017,51.45,55.12
SERC,billion kilowatthours,January,2018,62.69,66.63
SERC,billion kilowatthours,July,2011,64.01,68.37
SERC,billion kilowatthours,July,2012,64.09,69.43
SERC,billion kilowatthours,July,2013,57.52,62.18
SERC,billion kilowatthours,July,2014,58.02,62.65
SERC,billion kilowatthours,July,2015,62.69,68.5
SERC,billion kilowatthours,July,2016,63.56,69.19
SERC,billion kilowatthours,July,2017,61.85,66.45
SERC,billion kilowatthours,July,2018,61.28,66.93
SERC,billion kilowatthours,June,2011,58.82,62.96
SERC,billion kilowatthours,June,2012,54.99,58.98
SERC,billion kilowatthours,June,2013,54.58,58.56
SERC,billion kilowatthours,June,2014,55.65,60.22
SERC,billion kilowatthours,June,2015,58.17,63.16
SERC,billion kilowatthours,June,2016,57.55,62.42
SERC,billion kilowatthours,June,2017,53.86,58.37
SERC,billion kilowatthours,June,2018,58.38,63.2
SERC,billion kilowatthours,March,2011,48.19,50.74
SERC,billion kilowatthours,March,2012,46.83,48.78
SERC,billion kilowatthours,March,2013,52.08,54.26
SERC,billion kilowatthours,March,2014,50.23,53.1
SERC,billion kilowatthours,March,2015,48.05,52.05
SERC,billion kilowatthours,March,2016,45.27,48.63
SERC,billion kilowatthours,March,2017,47.77,51.68
SERC,billion kilowatthours,March,2018,48.67,51.36
SERC,billion kilowatthours,May,2011,50.08,53.11
SERC,billion kilowatthours,May,2012,52.67,56.24
SERC,billion kilowatthours,May,2013,48.39,51.04
SERC,billion kilowatthours,May,2014,49.84,53.8
SERC,billion kilowatthours,May,2015,50.07,54.61
SERC,billion kilowatthours,May,2016,47.92,52.59
SERC,billion kilowatthours,May,2017,49.39,53.68
SERC,billion kilowatthours,May,2018,52.47,56.73
SERC,billion kilowatthours,November,2011,46.11,48.29
SERC,billion kilowatthours,November,2012,47.84,49.83
SERC,billion kilowatthours,November,2013,48.19,49.76
SERC,billion kilowatthours,November,2014,49.66,52.3
SERC,billion kilowatthours,November,2015,44.6,48.26
SERC,billion kilowatthours,November,2016,44.59,47.68
SERC,billion kilowatthours,November,2017,46.02,48.6
SERC,billion kilowatthours,November,2018,48.96,52.03
SERC,billion kilowatthours,October,2011,45.58,48.12
SERC,billion kilowatthours,October,2012,46.29,48.67
SERC,billion kilowatthours,October,2013,46.52,49.11
SERC,billion kilowatthours,October,2014,46.01,49
SERC,billion kilowatthours,October,2015,45.02,48.61
SERC,billion kilowatthours,October,2016,45.77,49.47
SERC,billion kilowatthours,October,2017,47.52,50.35
SERC,billion kilowatthours,October,2018,49.12,51.88
SERC,billion kilowatthours,September,2011,50.28,53.47
SERC,billion kilowatthours,September,2012,50.23,53.3
SERC,billion kilowatthours,September,2013,51.04,54.27
SERC,billion kilowatthours,September,2014,51.75,55.73
SERC,billion kilowatthours,September,2015,51.3,55.76
SERC,billion kilowatthours,September,2016,54.71,59.01
SERC,billion kilowatthours,September,2017,49.98,53.44
SERC,billion kilowatthours,September,2018,55.63,59.6
Southwest,billion kilowatthours,April,2011,9.03,10.38
Southwest,billion kilowatthours,April,2012,9.58,10.69
Southwest,billion kilowatthours,April,2013,9.04,10.82
Southwest,billion kilowatthours,April,2014,9.32,10.03
Southwest,billion kilowatthours,April,2015,8.87,9.97
Southwest,billion kilowatthours,April,2016,8.66,9.24
Southwest,billion kilowatthours,April,2017,8.86,9.53
Southwest,billion kilowatthours,April,2018,9.13,9.8
Southwest,billion kilowatthours,August,2011,14.85,15.7
Southwest,billion kilowatthours,August,2012,14.61,15.52
Southwest,billion kilowatthours,August,2013,13.66,15.95
Southwest,billion kilowatthours,August,2014,13.24,15.06
Southwest,billion kilowatthours,August,2015,14.5,16.06
Southwest,billion kilowatthours,August,2016,13.57,14.86
Southwest,billion kilowatthours,August,2017,13.95,15
Southwest,billion kilowatthours,August,2018,14.49,15.82
Southwest,billion kilowatthours,December,2011,10.16,12.24
Southwest,billion kilowatthours,December,2012,9.54,11.55
Southwest,billion kilowatthours,December,2013,9.55,12.2
Southwest,billion kilowatthours,December,2014,9.44,11.42
Southwest,billion kilowatthours,December,2015,9.7,11.87
Southwest,billion kilowatthours,December,2016,9.14,11.19
Southwest,billion kilowatthours,December,2017,9.04,10.94
Southwest,billion kilowatthours,December,2018,9.31,12.61
Southwest,billion kilowatthours,February,2011,8.65,10.56
Southwest,billion kilowatthours,February,2012,8.91,11.48
Southwest,billion kilowatthours,February,2013,8.46,10.22
Southwest,billion kilowatthours,February,2014,8.22,10.37
Southwest,billion kilowatthours,February,2015,7.86,9.15
Southwest,billion kilowatthours,February,2016,8.29,9.48
Southwest,billion kilowatthours,February,2017,7.74,8.98
Southwest,billion kilowatthours,February,2018,7.86,9.28
Southwest,billion kilowatthours,January,2011,9.55,12.33
Southwest,billion kilowatthours,January,2012,9.82,12.44
Southwest,billion kilowatthours,January,2013,9.79,12.22
Southwest,billion kilowatthours,January,2014,9.22,11.47
Southwest,billion kilowatthours,January,2015,9.41,11.28
Southwest,billion kilowatthours,January,2016,9.49,11.32
Southwest,billion kilowatthours,January,2017,9.27,10.91
Southwest,billion kilowatthours,January,2018,8.78,10.48
Southwest,billion kilowatthours,July,2011,14.13,15.09
Southwest,billion kilowatthours,July,2012,13.82,14.85
Southwest,billion kilowatthours,July,2013,14.28,16.05
Southwest,billion kilowatthours,July,2014,14.41,15.85
Southwest,billion kilowatthours,July,2015,13.7,15.79
Southwest,billion kilowatthours,July,2016,14.81,15.63
Southwest,billion kilowatthours,July,2017,14.56,15.09
Southwest,billion kilowatthours,July,2018,14.87,15.57
Southwest,billion kilowatthours,June,2011,12.31,13.21
Southwest,billion kilowatthours,June,2012,13.32,13.94
Southwest,billion kilowatthours,June,2013,13.22,14.55
Southwest,billion kilowatthours,June,2014,13.1,13.65
Southwest,billion kilowatthours,June,2015,13.04,14.44
Southwest,billion kilowatthours,June,2016,13.34,14.23
Southwest,billion kilowatthours,June,2017,13.33,13.36
Southwest,billion kilowatthours,June,2018,12.9,13.19
Southwest,billion kilowatthours,March,2011,8.92,11.07
Southwest,billion kilowatthours,March,2012,9.32,11.12
Southwest,billion kilowatthours,March,2013,8.93,11.46
Southwest,billion kilowatthours,March,2014,9.03,10.69
Southwest,billion kilowatthours,March,2015,8.97,10.42
Southwest,billion kilowatthours,March,2016,8.56,9.77
Southwest,billion kilowatthours,March,2017,8.82,10.06
Southwest,billion kilowatthours,March,2018,8.45,10.19
Southwest,billion kilowatthours,May,2011,10,11.09
Southwest,billion kilowatthours,May,2012,11.58,12.21
Southwest,billion kilowatthours,May,2013,10.86,12.32
Southwest,billion kilowatthours,May,2014,11.07,11.91
Southwest,billion kilowatthours,May,2015,9.91,11.61
Southwest,billion kilowatthours,May,2016,10.03,10.91
Southwest,billion kilowatthours,May,2017,10.49,10.84
Southwest,billion kilowatthours,May,2018,10.93,11.47
Southwest,billion kilowatthours,November,2011,8.87,10.8
Southwest,billion kilowatthours,November,2012,8.82,10.58
Southwest,billion kilowatthours,November,2013,8.54,10.67
Southwest,billion kilowatthours,November,2014,8.65,10.69
Southwest,billion kilowatthours,November,2015,8.48,10.75
Southwest,billion kilowatthours,November,2016,8.46,10.05
Southwest,billion kilowatthours,November,2017,8.35,10.46
Southwest,billion kilowatthours,November,2018,8.41,11.35
Southwest,billion kilowatthours,October,2011,10.14,11.78
Southwest,billion kilowatthours,October,2012,9.71,11.92
Southwest,billion kilowatthours,October,2013,9.31,11.74
Southwest,billion kilowatthours,October,2014,10.07,11.93
Southwest,billion kilowatthours,October,2015,10.03,12.42
Southwest,billion kilowatthours,October,2016,10.03,11.89
Southwest,billion kilowatthours,October,2017,9.77,11.33
Southwest,billion kilowatthours,October,2018,9.3,12.25
Southwest,billion kilowatthours,September,2011,12.08,13.94
Southwest,billion kilowatthours,September,2012,12.15,13.79
Southwest,billion kilowatthours,September,2013,11.73,14.1
Southwest,billion kilowatthours,September,2014,12.22,14.23
Southwest,billion kilowatthours,September,2015,12.31,14.21
Southwest,billion kilowatthours,September,2016,11.31,12.89
Southwest,billion kilowatthours,September,2017,11.66,12.79
Southwest,billion kilowatthours,September,2018,12.57,14.5
SPP,billion kilowatthours,April,2011,18.16,19.09
SPP,billion kilowatthours,April,2012,18.1,20.27
SPP,billion kilowatthours,April,2013,18.54,20.53
SPP,billion kilowatthours,April,2014,17.64,19.73
SPP,billion kilowatthours,April,2015,18.19,19.44
SPP,billion kilowatthours,April,2016,18.02,19.68
SPP,billion kilowatthours,April,2017,18.39,20.14
SPP,billion kilowatthours,April,2018,19.42,21.24
SPP,billion kilowatthours,August,2011,28.16,29.4
SPP,billion kilowatthours,August,2012,26.34,27.89
SPP,billion kilowatthours,August,2013,24.43,28
SPP,billion kilowatthours,August,2014,24.96,27.57
SPP,billion kilowatthours,August,2015,25.52,27.15
SPP,billion kilowatthours,August,2016,26.33,28.13
SPP,billion kilowatthours,August,2017,24.1,24.99
SPP,billion kilowatthours,August,2018,26.33,28.04
SPP,billion kilowatthours,December,2011,20.8,22.75
SPP,billion kilowatthours,December,2012,20.65,22.94
SPP,billion kilowatthours,December,2013,21,25.15
SPP,billion kilowatthours,December,2014,20.31,23.22
SPP,billion kilowatthours,December,2015,20.94,22.65
SPP,billion kilowatthours,December,2016,22.51,24.46
SPP,billion kilowatthours,December,2017,22.42,24.73
SPP,billion kilowatthours,December,2018,22.53,25.45
SPP,billion kilowatthours,February,2011,19.22,21
SPP,billion kilowatthours,February,2012,18.87,20.67
SPP,billion kilowatthours,February,2013,18.81,20.69
SPP,billion kilowatthours,February,2014,19.54,22.67
SPP,billion kilowatthours,February,2015,20.87,22.66
SPP,billion kilowatthours,February,2016,19.34,21.13
SPP,billion kilowatthours,February,2017,18.32,20.44
SPP,billion kilowatthours,February,2018,20.61,22.83
SPP,billion kilowatthours,January,2011,22.31,24.24
SPP,billion kilowatthours,January,2012,20.35,22.25
SPP,billion kilowatthours,January,2013,21.46,23.86
SPP,billion kilowatthours,January,2014,21.93,25.93
SPP,billion kilowatthours,January,2015,22.84,24.4
SPP,billion kilowatthours,January,2016,22.54,24.63
SPP,billion kilowatthours,January,2017,22.14,24.52
SPP,billion kilowatthours,January,2018,24.03,26.29
SPP,billion kilowatthours,July,2011,28.68,30.71
SPP,billion kilowatthours,July,2012,28.88,30.56
SPP,billion kilowatthours,July,2013,24.45,27.8
SPP,billion kilowatthours,July,2014,23.69,26.28
SPP,billion kilowatthours,July,2015,26.82,28.47
SPP,billion kilowatthours,July,2016,27.35,29.02
SPP,billion kilowatthours,July,2017,27.53,28.58
SPP,billion kilowatthours,July,2018,27.39,29.18
SPP,billion kilowatthours,June,2011,24.86,26.38
SPP,billion kilowatthours,June,2012,24.14,26.2
SPP,billion kilowatthours,June,2013,21.58,25.15
SPP,billion kilowatthours,June,2014,21.36,24.43
SPP,billion kilowatthours,June,2015,23.16,24.78
SPP,billion kilowatthours,June,2016,24.6,26.24
SPP,billion kilowatthours,June,2017,23.77,24.95
SPP,billion kilowatthours,June,2018,25.39,27.61
SPP,billion kilowatthours,March,2011,19.11,20.55
SPP,billion kilowatthours,March,2012,18.56,20.54
SPP,billion kilowatthours,March,2013,19.87,21.99
SPP,billion kilowatthours,March,2014,19.52,21.99
SPP,billion kilowatthours,March,2015,20.05,21.3
SPP,billion kilowatthours,March,2016,18.91,20.81
SPP,billion kilowatthours,March,2017,19.72,22.31
SPP,billion kilowatthours,March,2018,20.21,22.57
SPP,billion kilowatthours,May,2011,19.67,21.95
SPP,billion kilowatthours,May,2012,21.07,23.17
SPP,billion kilowatthours,May,2013,19.96,22.15
SPP,billion kilowatthours,May,2014,19.61,22.3
SPP,billion kilowatthours,May,2015,18.93,20.12
SPP,billion kilowatthours,May,2016,19.37,21.02
SPP,billion kilowatthours,May,2017,20.07,22.04
SPP,billion kilowatthours,May,2018,22.83,24.39
SPP,billion kilowatthours,November,2011,18.08,20.24
SPP,billion kilowatthours,November,2012,18.29,19.98
SPP,billion kilowatthours,November,2013,18.04,21.96
SPP,billion kilowatthours,November,2014,19.03,21.46
SPP,billion kilowatthours,November,2015,18.9,19.95
SPP,billion kilowatthours,November,2016,18.81,19.94
SPP,billion kilowatthours,November,2017,19.44,20.97
SPP,billion kilowatthours,November,2018,21.05,22.95
SPP,billion kilowatthours,October,2011,18.63,20.59
SPP,billion kilowatthours,October,2012,18.68,20.59
SPP,billion kilowatthours,October,2013,17.8,21.4
SPP,billion kilowatthours,October,2014,18.17,20.27
SPP,billion kilowatthours,October,2015,19.09,20.36
SPP,billion kilowatthours,October,2016,19.73,21.32
SPP,billion kilowatthours,October,2017,19.8,21.43
SPP,billion kilowatthours,October,2018,20.19,21.91
SPP,billion kilowatthours,September,2011,20.18,21.88
SPP,billion kilowatthours,September,2012,20.65,22.87
SPP,billion kilowatthours,September,2013,21.01,24.17
SPP,billion kilowatthours,September,2014,19.91,22.23
SPP,billion kilowatthours,September,2015,22.6,24.06
SPP,billion kilowatthours,September,2016,21.79,23.66
SPP,billion kilowatthours,September,2017,21.72,23.29
SPP,billion kilowatthours,September,2018,22.07,24
ERCOT,billion kilowatthours,April,2011,24.61,24.63
ERCOT,billion kilowatthours,April,2012,24.52,24.13
ERCOT,billion kilowatthours,April,2013,23.47,22.97
ERCOT,billion kilowatthours,April,2014,24.02,23.86
ERCOT,billion kilowatthours,April,2015,24.61,24.38
ERCOT,billion kilowatthours,April,2016,25.06,24.87
ERCOT,billion kilowatthours,April,2017,26.05,26.25
ERCOT,billion kilowatthours,April,2018,25.74,25.94
ERCOT,billion kilowatthours,August,2011,38.29,37.25
ERCOT,billion kilowatthours,August,2012,35.24,34.7
ERCOT,billion kilowatthours,August,2013,35.72,35.29
ERCOT,billion kilowatthours,August,2014,36.03,35.29
ERCOT,billion kilowatthours,August,2015,36.93,36.54
ERCOT,billion kilowatthours,August,2016,36.46,36.34
ERCOT,billion kilowatthours,August,2017,36.35,36.53
ERCOT,billion kilowatthours,August,2018,39.2,38.19
ERCOT,billion kilowatthours,December,2011,25.11,24.82
ERCOT,billion kilowatthours,December,2012,25.01,24.42
ERCOT,billion kilowatthours,December,2013,28.15,27.77
ERCOT,billion kilowatthours,December,2014,26.02,25.43
ERCOT,billion kilowatthours,December,2015,25.83,25.7
ERCOT,billion kilowatthours,December,2016,27.68,27.4
ERCOT,billion kilowatthours,December,2017,29.2,29.62
ERCOT,billion kilowatthours,December,2018,28.71,28.24
ERCOT,billion kilowatthours,February,2011,23.79,23.23
ERCOT,billion kilowatthours,February,2012,22.26,21.71
ERCOT,billion kilowatthours,February,2013,21.31,20.74
ERCOT,billion kilowatthours,February,2014,24.87,24.97
ERCOT,billion kilowatthours,February,2015,25.12,25.26
ERCOT,billion kilowatthours,February,2016,23.58,23.76
ERCOT,billion kilowatthours,February,2017,22.99,23.23
ERCOT,billion kilowatthours,February,2018,25.75,25.46
ERCOT,billion kilowatthours,January,2011,25.86,25.57
ERCOT,billion kilowatthours,January,2012,24.14,23.9
ERCOT,billion kilowatthours,January,2013,25.74,24.67
ERCOT,billion kilowatthours,January,2014,28.26,27.96
ERCOT,billion kilowatthours,January,2015,28.85,28.76
ERCOT,billion kilowatthours,January,2016,27.53,27.29
ERCOT,billion kilowatthours,January,2017,27.32,27.33
ERCOT,billion kilowatthours,January,2018,31.27,30.57
ERCOT,billion kilowatthours,July,2011,36.36,35.66
ERCOT,billion kilowatthours,July,2012,34.09,33.43
ERCOT,billion kilowatthours,July,2013,33.7,33.28
ERCOT,billion kilowatthours,July,2014,34.47,33.74
ERCOT,billion kilowatthours,July,2015,36.98,36.7
ERCOT,billion kilowatthours,July,2016,38.22,38.09
ERCOT,billion kilowatthours,July,2017,38.32,38.4
ERCOT,billion kilowatthours,July,2018,39.61,38.58
ERCOT,billion kilowatthours,June,2011,33.59,33.37
ERCOT,billion kilowatthours,June,2012,32.27,31.63
ERCOT,billion kilowatthours,June,2013,32.35,31.82
ERCOT,billion kilowatthours,June,2014,31.88,30.83
ERCOT,billion kilowatthours,June,2015,32.36,32.32
ERCOT,billion kilowatthours,June,2016,33.39,33.4
ERCOT,billion kilowatthours,June,2017,33.93,33.69
ERCOT,billion kilowatthours,June,2018,37.37,35.83
ERCOT,billion kilowatthours,March,2011,22.69,21.95
ERCOT,billion kilowatthours,March,2012,23.39,23
ERCOT,billion kilowatthours,March,2013,23.39,22.47
ERCOT,billion kilowatthours,March,2014,24.79,24.68
ERCOT,billion kilowatthours,March,2015,25.4,25.01
ERCOT,billion kilowatthours,March,2016,24.35,24.37
ERCOT,billion kilowatthours,March,2017,25.99,26.43
ERCOT,billion kilowatthours,March,2018,26.19,25.85
ERCOT,billion kilowatthours,May,2011,27.81,27.61
ERCOT,billion kilowatthours,May,2012,28.89,28.4
ERCOT,billion kilowatthours,May,2013,27.59,27.17
ERCOT,billion kilowatthours,May,2014,27.51,27.18
ERCOT,billion kilowatthours,May,2015,27.89,27.76
ERCOT,billion kilowatthours,May,2016,28.53,28.31
ERCOT,billion kilowatthours,May,2017,30.1,30.3
ERCOT,billion kilowatthours,May,2018,33.73,33.35
ERCOT,billion kilowatthours,November,2011,22.29,22.29
ERCOT,billion kilowatthours,November,2012,22.36,21.83
ERCOT,billion kilowatthours,November,2013,24.27,24.2
ERCOT,billion kilowatthours,November,2014,24.73,24.3
ERCOT,billion kilowatthours,November,2015,23.91,23.8
ERCOT,billion kilowatthours,November,2016,24.45,24.59
ERCOT,billion kilowatthours,November,2017,25.95,26.46
ERCOT,billion kilowatthours,November,2018,27.08,26.68
ERCOT,billion kilowatthours,October,2011,24.73,24.37
ERCOT,billion kilowatthours,October,2012,25.32,25.08
ERCOT,billion kilowatthours,October,2013,25.85,25.35
ERCOT,billion kilowatthours,October,2014,27.61,26.82
ERCOT,billion kilowatthours,October,2015,27.48,27.44
ERCOT,billion kilowatthours,October,2016,29.23,28.79
ERCOT,billion kilowatthours,October,2017,28.97,29.26
ERCOT,billion kilowatthours,October,2018,29.12,28.18
ERCOT,billion kilowatthours,September,2011,29.97,29.9
ERCOT,billion kilowatthours,September,2012,29.56,29.16
ERCOT,billion kilowatthours,September,2013,31.25,30.72
ERCOT,billion kilowatthours,September,2014,31.16,30.34
ERCOT,billion kilowatthours,September,2015,32.15,32.04
ERCOT,billion kilowatthours,September,2016,32.93,33
ERCOT,billion kilowatthours,September,2017,32.09,32.16
ERCOT,billion kilowatthours,September,2018,32.46,31.74
